{
    "accuracy": 0.9474455914896682,
    "recall": 0.9967208864359463,
    "precision": 0.9460511531102213,
    "f1": 0.9707252572587387,
    "average_precision": 0.9458155320693676,
    "confusion_matrix": [
        86642,
        56559,
        3263,
        991823
    ]
}