{
    "accuracy": 0.9021591437323448,
    "recall": 0.9547461079491495,
    "precision": 0.9387692674272209,
    "f1": 0.9466902841074215,
    "average_precision": 0.937463791555186,
    "confusion_matrix": [
        11214,
        19016,
        13819,
        291547
    ]
}