{
    "accuracy": 0.9900046227206721,
    "recall": 0.9900046227206721,
    "precision": 1.0,
    "f1": 0.9949772090148903,
    "average_precision": 1.0,
    "confusion_matrix": [
        0,
        0,
        7957,
        788111
    ]
}