{
    "accuracy": 0.7081196543733691,
    "recall": 0.9899607070717221,
    "precision": 0.6680704895408414,
    "f1": 0.797769710908697,
    "average_precision": 0.6672019008595487,
    "confusion_matrix": [
        45312,
        97889,
        1998,
        197020
    ]
}