{
    "accuracy": 0.8906244412925065,
    "recall": 0.9051826332990576,
    "precision": 0.9727199786039048,
    "f1": 0.9377368412124913,
    "average_precision": 0.9667655877901138,
    "confusion_matrix": [
        22478,
        7752,
        28954,
        276412
    ]
}